{"inputUnits":[99],"outputUnits":6,"inputs":{"0":{"dtype":"number","min":0.3549641966819763,"max":0.695867121219635},"1":{"dtype":"number","min":0.18851470947265625,"max":0.6084975004196167},"2":{"dtype":"number","min":-0.4328944981098175,"max":0.0640539601445198},"3":{"dtype":"number","min":0.36017411947250366,"max":0.6948502063751221},"4":{"dtype":"number","min":0.1697651445865631,"max":0.6026660203933716},"5":{"dtype":"number","min":-0.4272584021091461,"max":0.0858406201004982},"6":{"dtype":"number","min":0.3639107942581177,"max":0.695149302482605},"7":{"dtype":"number","min":0.17011085152626038,"max":0.5972961783409119},"8":{"dtype":"number","min":-0.4272584021091461,"max":0.0858406201004982},"9":{"dtype":"number","min":0.3678213655948639,"max":0.6951656341552734},"10":{"dtype":"number","min":0.1704150140285492,"max":0.5924445390701294},"11":{"dtype":"number","min":-0.4274751842021942,"max":0.08572188764810562},"12":{"dtype":"number","min":0.34760433435440063,"max":0.6900990009307861},"13":{"dtype":"number","min":0.16872596740722656,"max":0.6158539056777954},"14":{"dtype":"number","min":-0.41251787543296814,"max":0.04603692889213562},"15":{"dtype":"number","min":0.34307995438575745,"max":0.6873464584350586},"16":{"dtype":"number","min":0.16868096590042114,"max":0.620271623134613},"17":{"dtype":"number","min":-0.41251787543296814,"max":0.045947883278131485},"18":{"dtype":"number","min":0.33837583661079407,"max":0.6840611696243286},"19":{"dtype":"number","min":0.16899782419204712,"max":0.6239854097366333},"20":{"dtype":"number","min":-0.41251787543296814,"max":0.04603692889213562},"21":{"dtype":"number","min":0.3738250136375427,"max":0.681476354598999},"22":{"dtype":"number","min":0.18424785137176514,"max":0.581883430480957},"23":{"dtype":"number","min":-0.350954532623291,"max":0.17191869020462036},"24":{"dtype":"number","min":0.33489319682121277,"max":0.6645936965942383},"25":{"dtype":"number","min":0.18122994899749756,"max":0.6258090734481812},"26":{"dtype":"number","min":-0.284405380487442,"max":0.08767025917768478},"27":{"dtype":"number","min":0.36585330963134766,"max":0.6923609972000122},"28":{"dtype":"number","min":0.21430423855781555,"max":0.5957767367362976},"29":{"dtype":"number","min":-0.40081217885017395,"max":0.09771345555782318},"30":{"dtype":"number","min":0.3496842682361603,"max":0.6876142024993896},"31":{"dtype":"number","min":0.2113107144832611,"max":0.6121439337730408},"32":{"dtype":"number","min":-0.3819529712200165,"max":0.04440441355109215},"33":{"dtype":"number","min":0.41195210814476013,"max":0.6751390695571899},"34":{"dtype":"number","min":0.28232821822166443,"max":0.5115037560462952},"35":{"dtype":"number","min":-0.31583738327026367,"max":0.23531964421272278},"36":{"dtype":"number","min":0.31419336795806885,"max":0.613372266292572},"37":{"dtype":"number","min":0.2827889919281006,"max":0.6579058766365051},"38":{"dtype":"number","min":-0.2701450288295746,"max":0.12316305190324783},"39":{"dtype":"number","min":0.43330588936805725,"max":0.7473945617675781},"40":{"dtype":"number","min":0.13565272092819214,"max":0.478649377822876},"41":{"dtype":"number","min":-0.377834290266037,"max":0.24685296416282654},"42":{"dtype":"number","min":0.24595731496810913,"max":0.6419569253921509},"43":{"dtype":"number","min":0.10042095184326172,"max":0.7982332110404968},"44":{"dtype":"number","min":-0.43414321541786194,"max":0.15231020748615265},"45":{"dtype":"number","min":0.36621999740600586,"max":0.8386561870574951},"46":{"dtype":"number","min":0.026775240898132324,"max":0.4838831424713135},"47":{"dtype":"number","min":-0.45955750346183777,"max":0.20922039449214935},"48":{"dtype":"number","min":0.15134450793266296,"max":0.6953535676002502},"49":{"dtype":"number","min":0.006206393241882324,"max":0.9224307537078857},"50":{"dtype":"number","min":-0.4342420697212219,"max":0.1497301161289215},"51":{"dtype":"number","min":0.3608267307281494,"max":0.8802396655082703},"52":{"dtype":"number","min":-0.0029522180557250977,"max":0.4845150113105774},"53":{"dtype":"number","min":-0.48947209119796753,"max":0.20838642120361328},"54":{"dtype":"number","min":0.12058961391448975,"max":0.7123503684997559},"55":{"dtype":"number","min":-0.030351877212524414,"max":0.9691115617752075},"56":{"dtype":"number","min":-0.47689613699913025,"max":0.14831851422786713},"57":{"dtype":"number","min":0.35840749740600586,"max":0.8765846490859985},"58":{"dtype":"number","min":0.006693899631500244,"max":0.48726868629455566},"59":{"dtype":"number","min":-0.5115828514099121,"max":0.20234020054340363},"60":{"dtype":"number","min":0.12653720378875732,"max":0.7134335041046143},"61":{"dtype":"number","min":-0.019258320331573486,"max":0.9581520557403564},"62":{"dtype":"number","min":-0.4561614990234375,"max":0.17060157656669617},"63":{"dtype":"number","min":0.35896486043930054,"max":0.8622352480888367},"64":{"dtype":"number","min":0.016638457775115967,"max":0.48942500352859497},"65":{"dtype":"number","min":-0.47473156452178955,"max":0.20181897282600403},"66":{"dtype":"number","min":0.1340443193912506,"max":0.7082515358924866},"67":{"dtype":"number","min":-0.0012249946594238281,"max":0.9504399299621582},"68":{"dtype":"number","min":-0.4280216693878174,"max":0.15739306807518005},"69":{"dtype":"number","min":0.41745615005493164,"max":0.6443368196487427},"70":{"dtype":"number","min":0.580704391002655,"max":0.7530205845832825},"71":{"dtype":"number","min":-0.134334996342659,"max":0.12974029779434204},"72":{"dtype":"number","min":0.3512583374977112,"max":0.6014288663864136},"73":{"dtype":"number","min":0.5549867749214172,"max":0.7652267813682556},"74":{"dtype":"number","min":-0.12974029779434204,"max":0.13446417450904846},"75":{"dtype":"number","min":0.43843984603881836,"max":0.7305139303207397},"76":{"dtype":"number","min":0.6726371645927429,"max":1.0062735080718994},"77":{"dtype":"number","min":-0.37850967049598694,"max":0.11083821952342987},"78":{"dtype":"number","min":0.31933021545410156,"max":0.5694910287857056},"79":{"dtype":"number","min":0.6640427112579346,"max":0.9278594851493835},"80":{"dtype":"number","min":-0.24560987949371338,"max":0.23765774071216583},"81":{"dtype":"number","min":0.3639821708202362,"max":0.8097972869873047},"82":{"dtype":"number","min":0.7822848558425903,"max":1.0879414081573486},"83":{"dtype":"number","min":-0.29636090993881226,"max":0.35438400506973267},"84":{"dtype":"number","min":0.2016904652118683,"max":0.5637410879135132},"85":{"dtype":"number","min":0.5157052874565125,"max":1.0934442281723022},"86":{"dtype":"number","min":-0.22579540312290192,"max":0.31977134943008423},"87":{"dtype":"number","min":0.3476971387863159,"max":0.8258269429206848},"88":{"dtype":"number","min":0.7767514586448669,"max":1.1023770570755005},"89":{"dtype":"number","min":-0.2955891191959381,"max":0.4162079989910126},"90":{"dtype":"number","min":0.1849650740623474,"max":0.5633858442306519},"91":{"dtype":"number","min":0.473016619682312,"max":1.1169205904006958},"92":{"dtype":"number","min":-0.22516992688179016,"max":0.3238874673843384},"93":{"dtype":"number","min":0.36056622862815857,"max":0.8351469039916992},"94":{"dtype":"number","min":0.8447652459144592,"max":1.1794116497039795},"95":{"dtype":"number","min":-0.4314211905002594,"max":0.48024001717567444},"96":{"dtype":"number","min":0.17180311679840088,"max":0.5727984309196472},"97":{"dtype":"number","min":0.5197059512138367,"max":1.1932628154754639},"98":{"dtype":"number","min":-0.36923345923423767,"max":0.2737930715084076}},"outputs":{"label":{"dtype":"string","min":0,"max":1,"uniqueValues":["warrior","tree","pray","curve","stretch","pull"],"legend":{"warrior":[1,0,0,0,0,0],"tree":[0,1,0,0,0,0],"pray":[0,0,1,0,0,0],"curve":[0,0,0,1,0,0],"stretch":[0,0,0,0,1,0],"pull":[0,0,0,0,0,1]}}},"isNormalized":true}