{"inputUnits":[99],"outputUnits":6,"inputs":{"0":{"dtype":"number","min":0.23339544236660004,"max":0.6406779289245605},"1":{"dtype":"number","min":0.34846144914627075,"max":0.6988694667816162},"2":{"dtype":"number","min":-0.7783230543136597,"max":0.4527754485607147},"3":{"dtype":"number","min":0.22455567121505737,"max":0.6367127895355225},"4":{"dtype":"number","min":0.3290601968765259,"max":0.686404287815094},"5":{"dtype":"number","min":-0.7651978731155396,"max":0.49698272347450256},"6":{"dtype":"number","min":0.22544726729393005,"max":0.637364387512207},"7":{"dtype":"number","min":0.3277486562728882,"max":0.6795440912246704},"8":{"dtype":"number","min":-0.7651978731155396,"max":0.49698272347450256},"9":{"dtype":"number","min":0.2262910008430481,"max":0.6383763551712036},"10":{"dtype":"number","min":0.3268575072288513,"max":0.6725884079933167},"11":{"dtype":"number","min":-0.7656353712081909,"max":0.49698272347450256},"12":{"dtype":"number","min":0.21555876731872559,"max":0.6298972368240356},"13":{"dtype":"number","min":0.33509665727615356,"max":0.7067686915397644},"14":{"dtype":"number","min":-0.764322817325592,"max":0.47231972217559814},"15":{"dtype":"number","min":0.21167682111263275,"max":0.623965859413147},"16":{"dtype":"number","min":0.33787745237350464,"max":0.7140597701072693},"17":{"dtype":"number","min":-0.764322817325592,"max":0.47185438871383667},"18":{"dtype":"number","min":0.20887792110443115,"max":0.619198739528656},"19":{"dtype":"number","min":0.34092146158218384,"max":0.71966552734375},"20":{"dtype":"number","min":-0.7647603750228882,"max":0.4720870554447174},"21":{"dtype":"number","min":0.2354505956172943,"max":0.6278499960899353},"22":{"dtype":"number","min":0.33798158168792725,"max":0.6671484708786011},"23":{"dtype":"number","min":-0.6059457063674927,"max":0.6002881526947021},"24":{"dtype":"number","min":0.21296754479408264,"max":0.6018150448799133},"25":{"dtype":"number","min":0.35647836327552795,"max":0.7276477217674255},"26":{"dtype":"number","min":-0.6033206582069397,"max":0.48860660195350647},"27":{"dtype":"number","min":0.25550565123558044,"max":0.6398546695709229},"28":{"dtype":"number","min":0.3690425157546997,"max":0.6920871734619141},"29":{"dtype":"number","min":-0.7105095982551575,"max":0.48395320773124695},"30":{"dtype":"number","min":0.24095912277698517,"max":0.6280766725540161},"31":{"dtype":"number","min":0.38000163435935974,"max":0.7183554768562317},"32":{"dtype":"number","min":-0.7096346020698547,"max":0.4502160847187042},"33":{"dtype":"number","min":0.3124697506427765,"max":0.6310170888900757},"34":{"dtype":"number","min":0.45118093490600586,"max":0.6651293039321899},"35":{"dtype":"number","min":-0.47381889820098877,"max":0.5518928170204163},"36":{"dtype":"number","min":0.2619096338748932,"max":0.5397293567657471},"37":{"dtype":"number","min":0.40654703974723816,"max":0.7817214727401733},"38":{"dtype":"number","min":-0.4368496537208557,"max":0.32997363805770874},"39":{"dtype":"number","min":0.32604771852493286,"max":0.759423553943634},"40":{"dtype":"number","min":0.35753539204597473,"max":0.7261762022972107},"41":{"dtype":"number","min":-0.4978817403316498,"max":0.6018056273460388},"42":{"dtype":"number","min":0.16296206414699554,"max":0.5507625341415405},"43":{"dtype":"number","min":0.308464914560318,"max":0.910685658454895},"44":{"dtype":"number","min":-0.570070207118988,"max":0.3114028573036194},"45":{"dtype":"number","min":0.32582175731658936,"max":0.8558480143547058},"46":{"dtype":"number","min":0.2406138777732849,"max":0.724016010761261},"47":{"dtype":"number","min":-0.609008252620697,"max":0.732068657875061},"48":{"dtype":"number","min":0.06640300154685974,"max":0.5703144669532776},"49":{"dtype":"number","min":0.23506227135658264,"max":0.932593822479248},"50":{"dtype":"number","min":-0.7778855562210083,"max":0.488705039024353},"51":{"dtype":"number","min":0.32953065633773804,"max":0.894180417060852},"52":{"dtype":"number","min":0.21429181098937988,"max":0.7277446985244751},"53":{"dtype":"number","min":-0.6370086073875427,"max":0.7503343224525452},"54":{"dtype":"number","min":0.0440995991230011,"max":0.57440584897995},"55":{"dtype":"number","min":0.21334078907966614,"max":0.9627721905708313},"56":{"dtype":"number","min":-0.815073549747467,"max":0.49378758668899536},"57":{"dtype":"number","min":0.32891416549682617,"max":0.8965708017349243},"58":{"dtype":"number","min":0.21037673950195312,"max":0.7300628423690796},"59":{"dtype":"number","min":-0.6763841509819031,"max":0.7498536705970764},"60":{"dtype":"number","min":0.0422440767288208,"max":0.5698873400688171},"61":{"dtype":"number","min":0.21042495965957642,"max":0.9535304307937622},"62":{"dtype":"number","min":-0.8382613658905029,"max":0.5137267708778381},"63":{"dtype":"number","min":0.32727253437042236,"max":0.8798058032989502},"64":{"dtype":"number","min":0.22551637887954712,"max":0.7220575213432312},"65":{"dtype":"number","min":-0.6295710206031799,"max":0.7287039756774902},"66":{"dtype":"number","min":0.05441939830780029,"max":0.567003071308136},"67":{"dtype":"number","min":0.2280053198337555,"max":0.940079927444458},"68":{"dtype":"number","min":-0.7936357259750366,"max":0.49808818101882935},"69":{"dtype":"number","min":0.40302324295043945,"max":0.544635534286499},"70":{"dtype":"number","min":0.49852174520492554,"max":0.8938869833946228},"71":{"dtype":"number","min":-0.1253536492586136,"max":0.11617378145456314},"72":{"dtype":"number","min":0.32072004675865173,"max":0.5112069249153137},"73":{"dtype":"number","min":0.4834720492362976,"max":0.8755360841751099},"74":{"dtype":"number","min":-0.11551989614963531,"max":0.1253536492586136},"75":{"dtype":"number","min":0.3707057237625122,"max":0.594458281993866},"76":{"dtype":"number","min":0.5200600028038025,"max":1.0444929599761963},"77":{"dtype":"number","min":-0.36103174090385437,"max":0.08870963007211685},"78":{"dtype":"number","min":0.26324766874313354,"max":0.5479052662849426},"79":{"dtype":"number","min":0.4974541962146759,"max":1.0766431093215942},"80":{"dtype":"number","min":-0.346910685300827,"max":0.2406119406223297},"81":{"dtype":"number","min":0.3562498092651367,"max":0.6940378546714783},"82":{"dtype":"number","min":0.3943624794483185,"max":1.220618724822998},"83":{"dtype":"number","min":-0.46836549043655396,"max":0.4676201045513153},"84":{"dtype":"number","min":0.2882678806781769,"max":0.6759796142578125},"85":{"dtype":"number","min":0.3835284113883972,"max":1.265960454940796},"86":{"dtype":"number","min":-0.4376792311668396,"max":0.42545974254608154},"87":{"dtype":"number","min":0.35362187027931213,"max":0.7056436538696289},"88":{"dtype":"number","min":0.3745044469833374,"max":1.239682674407959},"89":{"dtype":"number","min":-0.470804899930954,"max":0.5287996530532837},"90":{"dtype":"number","min":0.2983308434486389,"max":0.6913499236106873},"91":{"dtype":"number","min":0.3759046196937561,"max":1.2925822734832764},"92":{"dtype":"number","min":-0.45327410101890564,"max":0.4582306444644928},"93":{"dtype":"number","min":0.3222305178642273,"max":0.7387651205062866},"94":{"dtype":"number","min":0.33522406220436096,"max":1.3086867332458496},"95":{"dtype":"number","min":-0.5630143284797668,"max":0.5885563492774963},"96":{"dtype":"number","min":0.2597331404685974,"max":0.7271756529808044},"97":{"dtype":"number","min":0.32972925901412964,"max":1.3557054996490479},"98":{"dtype":"number","min":-0.6488492488861084,"max":0.4732442796230316}},"outputs":{"label":{"dtype":"string","min":0,"max":1,"uniqueValues":["tree","warrior","pray","stretch","curve","pull"],"legend":{"tree":[1,0,0,0,0,0],"warrior":[0,1,0,0,0,0],"pray":[0,0,1,0,0,0],"stretch":[0,0,0,1,0,0],"curve":[0,0,0,0,1,0],"pull":[0,0,0,0,0,1]}}},"isNormalized":true}